movie_id,url,title,runtime,release_date,release_country,genres,user_score,overview,director,writer,status,original_language,budget,revenue
166725,https://www.themoviedb.org/movie/166725-le-nain,The Dwarf,16.0,1912-09-12,FR,Drama,4.6,"A manuscript delivered to a playhouse is eventually turned into a major hit with critics and audience alike. The only problem is that no one knows who wrote it. The actress of the play receives a call from the author and the two quickly becomes friends, but the man won't give any details about himself- He has a secret.",Louis Feuillade,Louis Feuillade,Released,French,,
45317,https://www.themoviedb.org/movie/45317-the-fighter,The Fighter,116.0,2011-03-10,KR,Drama,7.4,"Boxer ""Irish"" Micky Ward's unlikely road to the world light welterweight title. His Rocky-like rise was shepherded by half-brother Dicky, a boxer-turned-trainer who rebounded in life after nearly being KO'd by drugs and crime.",David O. Russell,"Paul Tamasy, Eric Johnson, Scott Silver",Released,English,25000000.0,129190869.0
1312867,https://www.themoviedb.org/movie/1312867-backrider,Backrider,63.0,2026-05-22,KR,Drama,4.8,"A private massage therapist. After a nasty break up with her gaming and crypto addicted boyfriend, she finds comfort in her rich, and seemingly kind client, but finds herself in a passionate and perilous situation.",Bobby Bonifacio,,Released,Tagalog,,
811321,https://www.themoviedb.org/movie/811321,The Persons Suffering from AIDS,,1988-01-01,CN,"Crime, Thriller",7.0,"Before dying from HIV, a man names three college girls that he had sexual relationships with while working at Southern University. A four-member special investigation team is formed to track them down",Xu Tongjun,"Liu Yibing, Dan Huang",Released,Chinese,,
42658,https://www.themoviedb.org/movie/42658-helen-of-troy,Helen of Troy,121.0,1956-01-26,US,"Adventure, War, Romance, History",6.3,"Prince Paris of Troy, shipwrecked on a mission to the king of Sparta, meets and falls for Queen Helen before he knows who she is. Rudely received by the royal Greeks, he must flee...but fate and their mutual passions lead him to take Helen along. This gives the Greeks just the excuse they need for much-desired war.",Robert Wise,"Hugh Gray, John Twist",Released,English,,
469139,https://www.themoviedb.org/movie/469139-mellan-liv-och-dod,Between Life and Death,46.0,1917-02-19,SE,"Thriller, Drama",6.0,"""Between life and death"" - Dr Brinck and his assistant Inger Holm spend days and nights in his laboratory to experiment with a revolutionary medical cure for poisoning. Inger Holm is deeply in love with his boss. When the two scientists one day go to bed and visit an outdoor server, Brinck's manufacturer will meet Warren and his daughter Elsa and get an opportunity to help Elsa with a damaged foot. Thanks to him, he is invited to a party in the manufacturer's luxurious home...",Georg af Klercker,Georg af Klercker,Released,Swedish,,
319984,https://www.themoviedb.org/movie/319984-el-amor-de-maria-isabel,El amor de María Isabel,103.0,1968-04-30,MX,"Romance, Drama, Comedy",7.1,"Follow up to Maria Isabel. Newly wed to a rich man, Maria Isabel must still struggle with being branded as a lowly maid and endure the scorn of her adoptive daughter and the infidelity of her husband.",Federico Curiel,Edmundo Báez,Released,Spanish; Castilian,,
650904,https://www.themoviedb.org/movie/650904-bi-n-song-sinh,The Twins,98.0,2016-10-28,VN,,0.0,"Inspired by the famous comic, The Twin is about a mystery and unexpected journey of young detective, named Duy Anh. He discovered and solved series of cases relating to the twins in the admiration of the people. But few knows that,Duy Anh has his twin brother, and they have secret connection. Born on the same day, same month, same year,but would not share the same fate.",Tran Toan,,Released,Vietnamese,,
76640,https://www.themoviedb.org/movie/76640-the-last-stand,The Last Stand,107.0,2013-02-21,KR,"Action, Crime, Thriller",6.1,"Ray Owens is sheriff of the quiet US border town of Sommerton Junction after leaving the LAPD following a bungled operation. Following his escape from the FBI, a notorious drug baron, his gang, and a hostage are heading toward Sommerton Junction where the police are preparing to make a last stand to intercept them before they cross the border. Owens is reluctant to become involved but ultimately joins in with the law enforcement efforts.",Kim Jee-woon,"Andrew Knauer, George Nolfi, Jeffrey Nachmanoff",Released,English,30000000.0,
1107216,https://www.themoviedb.org/movie/1107216-falcon-express,Pets on a Train,86.0,2026-03-28,KR,"Animation, Comedy, Adventure, Thriller, Family",7.1,"When a train unexpectedly starts up, taking only pets with it, the animals discover that Hans, a badger with a grudge is behind it all. While the crash seems inevitable, the animals can count on Falcon, a roguish Raccoon who will do anything to save them.","Benoît Daffis, Jean-Christian Tassy","Eric Tosti, Jean-François Tosti, David Alaux",Released,French,,13786871.0
457916,https://www.themoviedb.org/movie/457916-a-ton-age-le-chagrin-c-est-vite-passe,Your Young Years Will Dry Your Tears,31.0,2017-05-11,PT,,0.0,"First grief of love, Billie is devastated. The jokes of her girlfriends, the advice of her teachers and the sweet words of her mother intertwine and resonate like old chatter. Nothing to do, Billie is inconsolable.",Alexis Langlois,,Released,French,,
445030,https://www.themoviedb.org/movie/445030-no-game-no-life-zero,No Game No Life: Zero,106.0,2017-10-19,KR,"Adventure, Animation, Drama, Fantasy, Romance",7.8,"Six thousand years before Sora and Shiro were even a blink in the history of Disboard, war consumed the land, tearing apart the heavens, destroying stars, and even threatening to wipe out the human race. Amid the chaos and destruction, a young man named Riku leads humanity toward the tomorrow his heart believes in. One day, in the ruins of an Elf city, he meets Schwi, a female exiled ""Ex Machina"" android who asks him to teach her what it means to have a human heart.",Atsuko Ishizuka,"Yuu Kamiya, Jukki Hanada",Released,Japanese,,6356284.0
8869,https://www.themoviedb.org/movie/8869-eight-legged-freaks,Eight Legged Freaks,99.0,2002-08-30,KR,"Action, Comedy, Horror, Thriller",5.8,"The residents of a rural mining town discover that an unfortunate chemical spill has caused hundreds of little spiders to mutate overnight to the size of SUVs. It's then up to mining engineer Chris McCormack and Sheriff Sam Parker to mobilize an eclectic group of townspeople, including the Sheriff's young son, Mike, her daughter, Ashley, and paranoid radio announcer Harlan, into battle against the bloodthirsty eight-legged beasts.",Ellory Elkayem,"Ellory Elkayem, Jesse Alexander",Released,English,30000000.0,45900000.0
1241280,https://www.themoviedb.org/movie/1241280-festa-infinita,The Shapeshifters,25.0,2024-11-16,US,"Fantasy, Science Fiction",0.0,"An art collective experiments with ways to breach time and space and enter the infinity within the possible. But the instant is fleeting, and these moments quickly vanish. They must return to the political reality to which they are chained – bills to pay, a home to keep, jobs to hold, a possible play to produce.",Ander Beça,Ander Beça,Released,Portuguese,,
1527449,https://www.themoviedb.org/movie/1527449-nina-roza,Nina Roza,103.0,2026-04-30,KR,Drama,10.0,"A viral video of an 8-year-old Bulgarian artist catches the eye of a major art collector, and Mihail is sent there, 30 years after leaving his home country, to assess the value of the girl's work and confront ghosts from his past.",Geneviève Dulude-De Celles,Geneviève Dulude-De Celles,Released,French,,
672322,https://www.themoviedb.org/movie/672322-the-beginning,Rurouni Kenshin: The Beginning,138.0,2021-07-30,KR,"Action, Adventure, Drama, Romance",7.7,"Before he was a protector, Kenshin was a fearsome assassin known as Battosai. But when he meets gentle Tomoe Yukishiro, a beautiful young woman who carries a huge burden in her heart, his life will change forever.",Keishi Otomo,Keishi Otomo,Released,Japanese,,
796124,https://www.themoviedb.org/movie/796124-ride-or-die,Ride or Die,81.0,2021-02-09,US,"Crime, Drama, Romance",4.8,"Ashley, a fierce friend to Mandy, takes the phrase ""hurt my friend and I'll kill you"" to the extreme. As the bodies stack up, her mistakes haunt her as Mandy tries to dig up old wounds.",Aly Hardt,,Released,English,,
440709,https://www.themoviedb.org/movie/440709-traidas-pelo-desejo,Traídas Pelo Desejo,,1976-02-08,BR,Crime,10.0,We don't have an overview translated in English. Help us expand our database by adding one.,Tony Vieira,,Released,Portuguese,,
21452,https://www.themoviedb.org/movie/21452-14,Case Closed: The Fourteenth Target,100.0,2025-02-14,KR,"Animation, Crime, Mystery, Adventure",7.2,"Ran’s secret past revealed! Ten years ago, something happened between her mom and dad. Now, plagued by nightmares, Ran is starting to remember… Meanwhile, a murderous card dealer breaks out of jail to seek revenge. His target: Ran’s father. Can Conan stop him in time and save his girlfriend’s family?",Kenji Kodama,Kazunari Kouchi,Released,Japanese,,16330622.0
1730700,https://www.themoviedb.org/movie/1730700-saima,Saima,145.0,1980-05-02,PK,Drama,0.0,Pakistani Film,Mohammad Javed Fazil,"Syed Noor, Nazir Ajmeri",Released,Urdu,,
419479,https://www.themoviedb.org/movie/419479-the-babysitter,The Babysitter,85.0,2017-10-13,KR,"Comedy, Horror",6.2,"When Cole stays up past his bedtime, he discovers that his hot babysitter is part of a Satanic cult that will stop at nothing to keep him quiet.",McG,Brian Duffield,Released,English,,
404822,https://www.themoviedb.org/movie/404822-tigipio-uma-questao-de-amor-e-honra,Tigipió - Uma Questão de Amor e Honra,,1987-12-10,BR,Drama,10.0,We don't have an overview translated in English. Help us expand our database by adding one.,Pedro Jorge de Castro,"Pedro Jorge de Castro, Herman Lima, Carlos Alberto Ratton",Released,Portuguese,,
9944,https://www.themoviedb.org/movie/9944-the-pelican-brief,The Pelican Brief,141.0,1994-02-19,KR,"Thriller, Crime, Drama",6.6,"A law student's theory about the recent deaths of two Supreme Court justices embroils her in a far-reaching web of murder, corruption, and greed.",Alan J. Pakula,"Alan J. Pakula, John Grisham",Released,English,45000000.0,195268056.0
204922,https://www.themoviedb.org/movie/204922-before-i-go-to-sleep,Before I Go to Sleep,92.0,2014-10-30,KR,"Thriller, Mystery",6.5,"A woman wakes up every day, remembering nothing as a result of a traumatic accident in her past. One day, new terrifying truths emerge that force her to question everyone around her.",Rowan Joffé,"Rowan Joffé, S.J. Watson",Released,English,22000000.0,17669776.0
31685,https://www.themoviedb.org/movie/31685-the-hunchback-of-notre-dame,The Hunchback of Notre Dame,117.0,1939-12-29,US,"Drama, Romance, Horror",7.3,"Paris, France, 1482. Frollo, Chief Justice of benevolent King Louis XI, gets infatuated by the beauty of Esmeralda, a young Romani girl. The hunchback Quasimodo, Frollo's protege and bell-ringer of Notre Dame, lives in peace among the bells in the heights of the immense cathedral until he is involved by the twisted magistrate in his malicious plans to free himself from Esmeralda's alleged spell, which he believes to be the devil's work.",William Dieterle,"Victor Hugo, Sonya Levien",Released,English,1800000.0,6877900.0
871172,https://www.themoviedb.org/movie/871172,Long Live Belarus,8.0,2021-09-16,BY,Animation,9.0,"Over 50 animators from 19 countries collaborated to support Belarusians in their peaceful protests for fair elections and freedom. The animators offered their interpretation of the recent events in Belarus, creating the animated chronicles of these dramatic events. The white-red-white flag is a historical symbol of Belarus and has become a symbol of peace, protest, and hope for the people of Belarus. The youngest animator who participated in the project is only 12 years old.","Andrus' Takindang, Genadzi Buto, Adéla Križovenská, Diek Grobler, Iulia Voitova, Arril Johnson, Ilya Gilmanov, Declan Mitchell, Marina Luzhkova, Natalya Ryss, Anna-Mariya Chernigovskaya, Elodie Marechal, Veronica Solomon, Maarten Aerts, Yury Boguslavsky, Elena Minaeva, Faiyaz Jafri, Viktoria Salimova, Asya Kiseleva, Svetlana Sichnaya, Catarina Calvinho Gil, Yan Barysevich, Dzianis Mizhui, Ala Nunu, Sara Buccellato, Candy Kugel, Tania Sharavarava, Frank Poncelet, Erentia Bedeker, Jan Saska, Masha Tyomkina, Dante Rustav, Leonardo McClaren, Cale Mazza, Michael Woodruff, Marta Magnuska, Nina Ovsova, Sofya Nabok, Nikita Meshcheryakov, Monique Van Dijk-Renault, Victoria Prosanova, Katya Khimenets, Masha Yakushina, Alexander Bulakh, Maria Cesaro, Hristina Belousova, Anna Rudnitsky, Lin, Sofiya Voznaya, Yulia Ruditskaya, Maria Scutaru, Udo Prinsen, Ath1na",,Released,Belarusian,,
4244,https://www.themoviedb.org/movie/4244-the-kid,The Kid,104.0,2000-07-07,US,"Fantasy, Comedy, Family",6.8,"Powerful businessman Russ Duritz is self-absorbed and immersed in his work. But by the magic of the moon, he meets Rusty, a chubby, charming 8-year-old version of himself who can't believe he could turn out so badly – with no life and no dog. With Rusty's help, Russ is able to reconcile the person he used to dream of being with the man he's actually become.",Jon Turteltaub,Audrey Wells,Released,English,65000000.0,110317580.0
845111,https://www.themoviedb.org/movie/845111-les-trois-mousquetaires-milady,The Three Musketeers: Milady,115.0,2023-12-13,FR,"Adventure, Action, Drama",6.4,"D'Artagnan, on a quest to rescue the abducted Constance, runs into the mysterious Milady de Winter again. The tension between the Catholics and the Protestants finally escalates, as the king declares war — forcing the now four musketeers into battle. But as the war goes on, they are tested physically, mentally and emotionally.",Martin Bourboulon,"Alexandre Dumas, Matthieu Delaporte, Alexandre de La Patellière",Released,French,39000000.0,21730766.0
342878,https://www.themoviedb.org/movie/342878-un-moment-d-egarement,One Wild Moment,106.0,2015-08-27,KR,"Drama, Romance",5.8,"Antoine and Laurent, old friends, spend their vacation in Corsica with their respective daughters: seventeen-year-old Louna and eighteen-year-old Marie. One evening at the beach, Louna seduces Laurent. Louna is in love, but for Laurent it was nothing more than a momentary distraction. Without revealing her lover's name, Louna confides in her father, who tries by any means to discover who his daughter's lover is. How long will the secret be able to be kept hidden?",Jean-François Richet,"Jean-François Richet, Lisa Azuelos",Released,French,,
1596260,https://www.themoviedb.org/movie/1596260-night-nurse,Night Nurse,95.0,2026-07-10,US,"Drama, Thriller",9.0,"As a series of perverse scam calls unsettles an idyllic retirement community, a starry-eyed nurse becomes entangled with her mysterious patient.",Georgia Bernstein,Georgia Bernstein,Released,English,,
1413097,https://www.themoviedb.org/movie/1413097-melania,Melania,105.0,2026-01-30,KR,Documentary,3.7,"Offering unprecedented access to the 20 days leading up to the 2025 Presidential Inauguration — through the eyes of the First Lady-elect herself — step inside Melania Trump's world as she orchestrates inauguration plans, navigates the complexities of the White House transition, and reenters public life with her family. With exclusive footage capturing critical meetings, private conversations, and never-before-seen environments, Mrs. Trump returns to one of the world's most powerful roles.",Brett Ratner,,Released,English,40000000.0,16661439.0
1624647,https://www.themoviedb.org/movie/1624647-ma-suma,Ma'suma,,2016-02-29,UZ,,0.0,We don't have an overview translated in English. Help us expand our database by adding one.,Yalkin Tuychiev,Yalkin Tuychiev,Released,Uzbek,,
10715,https://www.themoviedb.org/movie/10715-looney-tunes-back-in-action,Looney Tunes: Back in Action,92.0,2003-12-24,KR,"Animation, Comedy, Family",6.4,"Fed up with all the attention going to Bugs Bunny, Daffy Duck quits Hollywood, teams up with recently-fired stuntman Damien Drake Jr. and embarks on a round-the-world adventure, along with Bugs and The VP of Warner Bros. Their mission? Find Damien's father, and the missing blue diamond... and stay one step ahead of The Acme Corp., who wants the diamond for their own purposes.",Joe Dante,"Larry Doyle, Roger S.H. Schulman",Released,English,80000000.0,68500000.0
19576,https://www.themoviedb.org/movie/19576,One Piece: The Movie,51.0,2013-02-26,KR,"Action, Animation, Adventure, Comedy, Fantasy",0.0,"There once was a pirate known as the Great Gold Pirate Woonan, who obtained almost one-third of the world's gold. Over the course of a few years, the pirate's existence faded, and a legend grew that he disappeared with his gold to a remote island, an island pirates continue to search for. Aboard the Going Merry, Luffy and his crew, starved and reckless, are robbed of their treasure. In an attempt to get it back, they wreck the getaway ship, guided by a young boy named Tobio, who's a captured part of El Drago's pirate crew. El Drago's love for gold has driven him to look for Woonan's island, and thanks to Woonan's treasure map, he finds it. During this time, Luffy's crew have been split up, and despite their own circumstances, they must find a way to stop El Drago from obtaining Woonan's gold.",Junji Shimizu,Michiru Shimada,Released,Japanese,,
510792,https://www.themoviedb.org/movie/510792,Bye Bye Dubai,,2016-09-02,IN,,0.0,Nisha lives in Odisha and is in love with Prem who is obsessed about going to Dubai where her twin sister lives. But Prem's father creates problems for them with his rigid views and principles.,Basanta Sahoo,,Released,Oriya,,
580012,https://www.themoviedb.org/movie/580012-lakeside-suite,Lakeside Suite,20.0,2019-01-27,NL,Documentary,6.2,"Shot entirely from a boat on a lake, this evocative film confronts the viewer resolutely with his or her sensitivity for the moment. Surrounded by sounds of animal life, both from the lake and the neighbouring forests, this film takes us through the seasons. Sounds of water, the wind and a human presence.",Fabrice Aragno,,Released,French,,
580007,https://www.themoviedb.org/movie/580007-un-prin-i-jumatate,One and a Half Prince,105.0,2018-09-07,RO,Drama,5.3,"A trio of quirky lifelong friends create a makeshift family, but their tight bond is tested when one of them falls in love with a writer.",Ana Lungu,"Ana Lungu, Iris Spiridon",Released,Romanian,,
1280018,https://www.themoviedb.org/movie/1280018-pozo-ciego,Pozo ciego,87.0,2007-01-01,AR,"Comedy, Horror, Thriller, Drama",6.0,"Episodic feature film of five parts that have in common the city of Santa Fe and a terrible hot day with power outages and a varied sample of life in a small city, but rich in comedic drama and suspense.","Clemar Sánchez Peretti, Patricio Agusti, Cecilia Piccioni, Juan Pablo Arroyo, Diego H. Scapino","Clemar Sánchez Peretti, Patricio Agusti, Cecilia Piccioni, Betania Cappato, Vito Sáez, Martín Masse, Carolina Tacca, Gastón del Porto, Gastón Pereyra",Released,Spanish; Castilian,,
654299,https://www.themoviedb.org/movie/654299-como-caido-del-cielo,Out of the Clear Blue Sky,112.0,2019-12-24,MX,"Comedy, Drama, Music",8.3,"Returning to Earth as an imitator, the legendary Mexican artist Pedro Infante must prove that he is no longer a womanizer to enter paradise.",Pepe Bojórquez,"Pepe Bojórquez, Alfredo Felix-Diaz",Released,Spanish; Castilian,,
383489,https://www.themoviedb.org/movie/383489-te-csak-pipalj-ladanyi,Keep On Smoking Ladányi!,70.0,1938-02-22,HU,Comedy,10.0,"Ladányi, a landowner of 800 acres lives high in Ádámháza, while his bailiff, Pókai keeps on raiding him.",Márton Keleti,,Released,Hungarian,,
578522,https://www.themoviedb.org/movie/578522,Fatherland,15.0,2017-05-13,US,Drama,7.2,"Republic of Georgia, 2016: in a small town of Gori, the birthplace of Stalin, his followers gather to commemorate him on the 63rd anniversary of his death when strange things begin to occur.",George Sikharulidze (II),George Sikharulidze (II),Released,Georgian,,
1112915,https://www.themoviedb.org/movie/1112915,Dho Re Babu Dho,122.0,2023-04-14,IN,"Family, Drama",0.0,"A Tragic Tale of a Loving Mother, a Hopeless Father & A Desperate Couple, and how their fates are entwined.",Himanshu Parija,Harihara Mohapatra,Released,Oriya,,
1734197,https://www.themoviedb.org/movie/1734197-chomel,Chomel,,2021-01-01,MY,,0.0,"Chomel  For Mimi, a clever 9-year-old girl, her life has been in turmoil since her mother's departure. After failing to befriend the Diva Girlz and being sidelined by her older sister Nora, Mimi is saddened when she witnesses a quarrel between her grandmother Wan and her father Imran. Without Mimi's knowledge, Wan challenges Imran's custody of Mimi and Nora. In her sadness, Mimi prays to find a friend to fill the emptiness in her life. The next day, Mimi discovers a stray cat named Chomel and befriends it, hoping this will help her connect with the Diva Girlz. Imran, desperate due to his unstable income, tries to sell his batik work. However, Chomel destroys his batik artwork. Enraged, Imran orders Nora to get rid of Chomel. But Nora defends Chomel because Zain, a popular student whom she admires, loves cats. By chance, Nora, Mimi, and the Diva Girlz receive an invitation to Zain's party through Chomel.",Jason Chong,,Released,English,,
339202,https://www.themoviedb.org/movie/339202-mozart-la-clemenza-di-tito,Mozart: La Clemenza di Tito,212.0,2005-06-01,GB,Music,0.0,"Directed by Ursel Hermann, this 2005 production of Mozart's last opera stars a remarkable cast with Susan Graham in the role of Sesto, Christoph Prégardien giving life to Tito and Catherine Naglestad embodying the ambitious Vitellia. Premiered in September 1791 for the coronation of Leopold II, King of Bohemia, La Clemenza di Tito celebrates the figure of the merciful sovereign","Karl-Ernst Herrmann, Ursel Herrmann",,Released,Italian,,
1102536,https://www.themoviedb.org/movie/1102536,Black Candle of the Bright Road. In memory of Vasyl Stus,152.0,1992-01-06,UA,Documentary,0.0,"Documentary trilogy about the thorny path of the famous Ukrainian poet, translator, political prisoner Vasyl Stus. Filmed in 1989-1992, it describes the life of the poet, the story of the destruction of the dissident by the Soviet authorities, highlights his influence on Ukrainian society during life and after his death, records the testimony of witnesses, films the liquidated Kuchino camp, in which Stus was imprisoned, the reburial of Stus, Lytvyn and Tykhy in 1989. Consists of three parts: «Come back to me, my memory» (Верни до мене, пам’яте моя), «In the white cold the sun of Ukraine» (У білій стужі сонце України), «Crucified on a black cross» (Розіп’ятий на чорному хресті).",Stanislav Chernilevskyi,"Stanislav Chernilevskyi, Dmytro Stus, Volodymyr Shovkoshytnyi",Released,Ukrainian,,
384521,https://www.themoviedb.org/movie/384521-the-cloverfield-paradox,The Cloverfield Paradox,102.0,2018-02-04,US,"Horror, Mystery, Science Fiction",5.6,"Orbiting above a planet on the brink of war, scientists test a device to solve an energy crisis and end up face-to-face with a dark alternate reality.",Julius Onah,"Doug Jung, Oren Uziel",Released,English,45000000.0,
765684,https://www.themoviedb.org/movie/765684-octonauts-the-ring-of-fire,Octonauts & the Ring of Fire,72.0,2021-03-30,US,"Family, Animation, Adventure",6.3,"In this film's adventure, a volcano erupts suddenly, suddenly awakening the Pacific Ocean floor of hundreds of volcanoes composed of the ""ring of fire"", this sudden event quickly turned into a global catastrophe.  The volcanic clusters that are about to erupt en masse threaten the horned whales washed ashore by the tsunami, the cap penguins living in the volcanic islands, the equipment of the small column maintenance station, the food planted by plant fish in the marine farms... Not to mention the plants and animals that live in the crater all year after year!",Blair Simmons,"Gabe Pulliam, Stephanie Simpson",Released,English,,20000000.0
157433,https://www.themoviedb.org/movie/157433-pet-sematary,Pet Sematary,101.0,2019-04-10,KR,Horror,5.7,"Dr. Louis Creed and his wife, Rachel, move from Boston to Ludlow, in rural Maine, with their two young children. Hidden in the woods near the new family home, Ellie, their eldest daughter, discovers a mysterious cemetery where the pets of community members are buried.","Dennis Widmyer, Kevin Kölsch","Stephen King, Jeff Buhler",Released,English,21000000.0,113118226.0
682052,https://www.themoviedb.org/movie/682052-villa-offline,Offline Valley,26.0,2018-01-12,ES,"Horror, Comedy",7.0,Claire and David are on a trip to Offline Valley in order to disconnect from social networks and the pressures of modern-day society. They'll probably end up dead.,Sergi Páez,Sergi Páez,Released,Spanish; Castilian,13680.0,
639838,https://www.themoviedb.org/movie/639838-sinister-seduction,Sinister Seduction,88.0,2022-01-25,KR,Thriller,6.7,"A recent widow is glad when her son finds a new friend, but it soon becomes clear that he's after a different type of companionship.",Damián Romay,,Released,English,,
49009,https://www.themoviedb.org/movie/49009-the-way-back,The Way Back,133.0,2011-03-17,KR,"Drama, Adventure, History",7.0,"A small band of multicultural convicts stages a daring escape from a WWII-era Siberian gulag, and embarks on a treacherous journey across five countries in a desperate race for freedom and survival.",Peter Weir,"Peter Weir, Slavomir Rawicz, Keith R. Clarke",Released,English,30000000.0,24172201.0
9053,https://www.themoviedb.org/movie/9053-doa-dead-or-alive,DOA: Dead or Alive,87.0,2006-10-19,KR,"Adventure, Action, Thriller",5.3,Four beautiful rivals at an invitation-only martial-arts tournament join forces against a sinister threat. Princess Kasumi is an aristocratic warrior trained by martial-arts masters. Tina Armstrong is a wrestling superstar. Helena Douglas is an athlete with a tragic past. Christie Allen earns her keep as a thief and an assassin-for-hire.,Corey Yuen,"J.F. Lawton, Seth Gross, Adam Gross",Released,English,21000000.0,7600000.0
662050,https://www.themoviedb.org/movie/662050-naplemente-delben,Sunset at Noon,89.0,1979-01-01,HU,Drama,8.0,"László is a composer, and his second wife is an actress. The couple lives in love and cheerful, mutual understanding. Suddenly László feels unwell. The diagnosis is that he suffers from an incurable illness.",György Hintsch,,Released,English,,
1678526,https://www.themoviedb.org/movie/1678526-valo-manush,Valo Manush | ভালো মানুষ,44.0,2024-05-03,BD,,0.0,A kind-hearted man’s simple honesty and goodness begin to change the lives of those around him in Valo Manush.,Maruf Hossain Sajib,Maruf Hossain Sajib,Released,Bengali,,
629218,https://www.themoviedb.org/movie/629218,Voyage in the Misty Night,87.0,1958-05-20,CN,Drama,8.0,"The passenger ship Haiyan, with more than a thousand people aboard, sails through a thick fog at night. Despite having the knowledge that there are reefs nearby, the captain refuses to stop or slow down.",Shi Hui,Shi Hui,Released,Chinese,,
1511789,https://www.themoviedb.org/movie/1511789-captain-hook-the-cursed-tides,Captain Hook: The Cursed Tides,90.0,2025-07-11,GB,"Adventure, Action, Horror",5.0,"In the aftermath of a devastating defeat by his archnemesis Admiral Smee, Captain Hook finds refuge in the coastal town of Eldritch Landing.",Lars Janssen,"Lars Janssen, J.M. Barrie",Released,English,,
1001835,https://www.themoviedb.org/movie/1001835-wifelike,Wifelike,105.0,2022-08-12,US,"Science Fiction, Mystery, Thriller",6.6,"A grieving detective in the near-future hunts down criminals who trade artificial humans on the black market. In the fight to end AI exploitation, an underground resistance attempts to infiltrate him by sabotaging the programming of the artificial human assigned as his companion to behave like his late wife. She begins to question her reality as memories of a past life begin to surface in a world where nothing is as it seems.",James Bird,James Bird,Released,English,,
481836,https://www.themoviedb.org/movie/481836,Two Mothers,80.0,2017-08-01,KR,"Drama, Romance",7.0,"Two best friends. And their lust for each one's opponent mothers. Junhyeong and Daejin are best friends. One day Daejin’s mom visits Junhyeong who is heartbroken when he was disappointed in love. She suggests that she will teach him sex and make him a real man. Unlike Junhyeong, Daejin is popular guy to women. But he long since has fallen in love with Junhyeong’s mom. When Daejin hears Junhyeong’s parents seems to divorce, he decides to start expressing his affection to her.",Lee Do-si,,Released,Korean,,
743466,https://www.themoviedb.org/movie/743466,Butterfly on the Windowpane,96.0,2020-10-26,KR,Drama,7.0,"As the studious Bidya(13) prepares for her further studies, her juvenile brother Basanta(9) distracts her with his antics. But learning, his sister is giving up on her dreams, he struggles to give Bidya the hope she desperately needs.",Sujit Bidari,Sujit Bidari,Released,Nepali,,
48938,https://www.themoviedb.org/movie/48938-2,Young and Dangerous 2,101.0,1996-03-30,HK,"Action, Crime, Thriller",6.5,"Chicken is back in exile. Hung Hing, a triad, is trying to ally with Chicken's new group, the Taiwanese triad San Luen. A contest is on in Hong Kong. The winner will head the Causeway Bay branch.",Andrew Lau Wai-Keung,"Sharon Hui, Manfred Wong Man-Chun",Released,Cantonese,,
104594,https://www.themoviedb.org/movie/104594,The Cave of the Silken Web,82.0,1967-07-31,HK,"Fantasy, Adventure, Action, Music",5.7,"Monkey King, Pig and Friar Sand must rescue his master Buddhist monk from seven witches / spiders who believe themselves to be immortal if they eat the monk's flesh. The third part of the Shaw Brothers film series about Monkey King after the novel ""Journey to the West.""",Ho Meng-Hua,"Wu Cheng'en, Cheng Kang",Released,Chinese,,
780609,https://www.themoviedb.org/movie/780609-men,Men,100.0,2022-07-13,KR,"Horror, Thriller, Fantasy",6.1,"In the aftermath of a personal tragedy, Harper retreats alone to the beautiful English countryside, hoping to find a place to heal. But someone — or something — from the surrounding woods appears to be stalking her, and what begins as simmering dread becomes a fully-formed nightmare, inhabited by her darkest memories and fears.",Alex Garland,Alex Garland,Released,English,6500000.0,11152071.0
4538,https://www.themoviedb.org/movie/4538-the-darjeeling-limited,The Darjeeling Limited,91.0,2007-12-13,KR,"Adventure, Drama, Comedy",7.1,"Three American brothers who have not spoken to each other in a year set off on a train voyage across India with a plan to find themselves and bond with each other -- to become brothers again like they used to be. Their ""spiritual quest"", however, veers rapidly off-course (due to events involving over-the-counter pain killers, Indian cough syrup, and pepper spray).",Wes Anderson,"Wes Anderson, Jason Schwartzman, Roman Coppola",Released,English,16000000.0,24377151.0
9972,https://www.themoviedb.org/movie/9972-lock-up,Lock Up,109.0,1989-12-09,KR,"Action, Crime, Drama, Thriller",6.8,"Frank Leone is nearing the end of his prison term for a relatively minor crime. Just before he is paroled, however, Warden Drumgoole takes charge. Drumgoole was assigned to a hell-hole prison after his administration was publicly humiliated by Leone, and has now arrived on the scene to ensure that Leone never sees the light of day.",John Flynn,"Richard Smith, Henry Rosenbaum, Jeb Stuart",Released,English,24000000.0,22099847.0
182248,https://www.themoviedb.org/movie/182248-seven-hours-to-judgment,Seven Hours to Judgment,90.0,1988-09-16,US,"Action, Crime, Drama",4.4,"A distraught husband kidnaps the judge who freed his wife's killers on insufficient evidence. He gives him seven hours to find evidence that will put them away, or he'll kill his wife.",Beau Bridges,"Walter Halsey Davis, Elliot Stephens",Released,English,,
495076,https://www.themoviedb.org/movie/495076-foldiek,Earthly People,27.0,2017-04-01,HU,,0.0,"Abel, 12, has to face the fact that his parents are living in two completely different galaxies of the universe. Now he has to decide which one he belongs to.",Ádám Freund,Ádám Fekete,Released,English,,
326313,https://www.themoviedb.org/movie/326313-kayip-asiklar,Kayıp Aşıklar,110.0,2004-03-11,TR,Drama,0.0,"The story of a young couple has changed with a man came to town, who is a part of the town's history.",Veli Çelik,,Released,Turkish,,
242828,https://www.themoviedb.org/movie/242828,When Marnie Was There,103.0,2015-03-19,KR,"Animation, Drama, Family",7.9,"Upon being sent to live with relatives in the countryside due to an illness, an emotionally distant adolescent girl becomes obsessed with an abandoned mansion and infatuated with a girl who lives there - a girl who may or may not be real.",Hiromasa Yonebayashi,"Hiromasa Yonebayashi, Joan G. Robinson, Masashi Ando, Keiko Niwa",Released,Japanese,,34949567.0
6069,https://www.themoviedb.org/movie/6069-the-witches-of-eastwick,The Witches of Eastwick,118.0,1987-06-12,US,"Comedy, Fantasy, Horror",6.5,"Three single women in a picturesque village have their wishes granted, at a cost, when a mysterious and flamboyant man arrives in their lives.",George Miller,"John Updike, Michael Cristofer",Released,English,22000000.0,63766510.0
474395,https://www.themoviedb.org/movie/474395-teen-titans-go-to-the-movies,Teen Titans Go! To the Movies,84.0,2018-07-27,US,"Animation, Action, Comedy, Science Fiction",7.2,"All the major DC superheroes are starring in their own films, all but the Teen Titans, so Robin is determined to remedy this situation by getting over his role as a sidekick and becoming a movie star. Thus, with a few madcap ideas and an inspirational song in their hearts, the Teen Titans head to Hollywood to fulfill their dreams.","Aaron Horvath, Peter Rida Michail","Aaron Horvath, Michael Jelenic",Released,English,10000000.0,52390236.0
438215,https://www.themoviedb.org/movie/438215,Let Her Cry,104.0,2016-05-12,LK,Drama,6.5,"When an alluring young undergrad becomes infatuated with her nearly retired professor, she stirs up the man's humdrum home life in a most unusual way.",Asoka Handagama,,Released,Sinhala; Sinhalese,,
337898,https://www.themoviedb.org/movie/337898-dias-de-combate,Días de Combate,93.0,1982-09-30,MX,"Crime, Thriller, Mystery",6.5,A private detective starts a game of cat and mouse with a psychopath who strangles women who leaves messages on the bodies of his victims.,Alfredo Gurrola,"Paco Ignacio Taibo II, Jorge Patiño",Released,Spanish; Castilian,,
522,https://www.themoviedb.org/movie/522-ed-wood,Ed Wood,127.0,1994-09-28,US,"Comedy, Drama, History",7.5,"The mostly true story of the legendary ""worst director of all time"", who, with the help of his strange friends, filmed countless B-movies without ever becoming famous or successful.",Tim Burton,"Larry Karaszewski, Scott Alexander",Released,English,18000000.0,5900000.0
364534,https://www.themoviedb.org/movie/364534-el-rey-de-mexico,The King of México,79.0,1956-04-20,MX,"Comedy, Drama",6.0,"A humble tramp is turned, for a couple of days, into the richest and most famous man in México.",Rafael Baledón,Isaac Díaz Araiza,Released,Spanish; Castilian,,
459992,https://www.themoviedb.org/movie/459992-long-shot,Long Shot,125.0,2019-07-24,KR,"Comedy, Romance",6.7,"Journalist Fred Flarsky reunites with his childhood crush, Charlotte Field, now one of the most influential women in the world. As she prepares to make a run for the Presidency, Charlotte hires Fred as her speechwriter — much to the dismay of her trusted advisers.",Jonathan Levine,"Dan Sterling, Liz Hannah",Released,English,40000000.0,
257088,https://www.themoviedb.org/movie/257088-point-break,Point Break,114.0,2016-01-07,KR,"Action, Adventure, Crime, Thriller",6.0,"A young undercover FBI agent infiltrates a gang of thieves who share a common interest in extreme sports. A remake of the 1991 film, ""Point Break"".",Ericson Core,Kurt Wimmer,Released,English,105000000.0,133782481.0
1126723,https://www.themoviedb.org/movie/1126723,Mr. X,153.0,2026-04-17,IN,"Action, Thriller",5.5,Centers on secret intelligence agency cases involving five major national threats that were thwarted through covert operations.,Manu Anand,"Manu Anand, Raam H. Puthran, Praveen K., Divyanka Anand Shankar",Released,Tamil,,
796499,https://www.themoviedb.org/movie/796499-army-of-thieves,Army of Thieves,128.0,2021-10-29,KR,"Action, Crime, Comedy",6.8,A mysterious woman recruits bank teller Ludwig Dieter to lead a group of aspiring thieves on a top-secret heist during the early stages of the zombie apocalypse.,Matthias Schweighöfer,Shay Hatten,Released,English,30000000.0,46900000.0
110420,https://www.themoviedb.org/movie/110420,Wolf Children,117.0,2012-09-12,KR,"Animation, Family, Drama, Fantasy",8.2,"After her werewolf lover unexpectedly dies in an accident, a woman must find a way to raise the son and daughter that she had with him. However, their inheritance of their father's traits prove to be a challenge for her.",Mamoru Hosoda,"Mamoru Hosoda, Satoko Okudera",Released,Japanese,,55262158.0
590,https://www.themoviedb.org/movie/590-the-hours,The Hours,114.0,2003-02-21,KR,Drama,7.3,"The story of three women searching for more potent, meaningful lives. Each is alive at a different time and place, all are linked by their yearnings and their fears. Their stories intertwine, and finally come together in a surprising, transcendent moment of shared recognition.",Stephen Daldry,"Michael Cunningham, David Hare",Released,English,25000000.0,108846217.0
248116,https://www.themoviedb.org/movie/248116-fronte-teva-pagalma,Fronte tēva pagalmā,80.0,1984-06-22,SU,,0.0,We don't have an overview translated in English. Help us expand our database by adding one.,Ēriks Lācis,"Ēriks Lācis, Bruno Saulītis, Antons Broks",Released,Latvian,,
116,https://www.themoviedb.org/movie/116-match-point,Match Point,124.0,2006-04-13,KR,"Drama, Romance, Thriller",7.4,"Chris, a former tennis pro, takes a job as an instructor and befriends his wealthy young student, Tom. After being introduced to his family, Chris is soon engaged to Tom's sister, Chloe. Despite the professional and financial advantages that this relationship affords him, Chris becomes obsessed with Tom's fiancee, American actress Nola.",Woody Allen,Woody Allen,Released,English,15000000.0,85638656.0
1305653,https://www.themoviedb.org/movie/1305653,Dongji Rescue,134.0,2026-07-01,KR,"Drama, History, War",7.9,"Inspired by the real life rescue of over 300 British soldiers in 1942, Dongji Rescue is a rousing, action-packed story of heroism on the high seas. When the Japanese warship Lisbon Maru is torpedoed off the coast of Dongji Island, the lives of over 300 British POWs on board are at risk of being claimed by the sea. Their only hope is a small group of defiant Chinese fisherman who will do anything to rescue and protect them from their captors.","Fei Zhenxiang, Guan Hu","Fei Zhenxiang, Zhang Ji, Chen Shu, Dong Runnian",Released,Chinese,80000000.0,50155648.0
227156,https://www.themoviedb.org/movie/227156-the-giver,The Giver,97.0,2014-08-20,KR,"Drama, Science Fiction",6.6,"In a seemingly perfect community, without war, pain, suffering, differences or choice, a young boy is chosen to learn from an elderly man about the true pain and pleasure of the ""real"" world.",Phillip Noyce,"Michael Mitnick, Robert B. Weide",Released,English,25000000.0,66980456.0
71668,https://www.themoviedb.org/movie/71668-piranha-3dd,Piranha 3DD,83.0,2012-06-01,US,"Horror, Thriller, Comedy",4.3,"After the events at Lake Victoria, the prehistoric school of blood-thirsty piranhas make their way into swimming pools, plumbing, and a newly opened water park.",John Gulager,"Joel Soisson, Marcus Dunstan, Patrick Melton",Released,English,5000000.0,8493728.0
385841,https://www.themoviedb.org/movie/385841-un-pecado-por-mes,One Sin A Month,77.0,1949-05-18,AR,Comedy,9.0,"Paloma and Marcelo are in love, but only dare meet once a month- see, she doesn't know that he is only pretending to be the son of rich ranchers, and he doesn't know that she is only pretending to be the daughter of the great business tycoon B. Quintana... she is in reality just an employee! But when a desperate Marcelo must take a job at Quintana's company, both their lies begin to unravel.",Mario C. Lugones,Julio Porter,Released,Spanish; Castilian,,
334761,https://www.themoviedb.org/movie/334761-kard-es-kocka,Sword and Dice,78.0,1959-04-06,HU,History,7.0,"During the freedom fight led by Rákóczi, Schwartzenau carries the wages of the Emperor's soldiers to Tokaj. A small group of freedom-fighters, led by Captain Árvay, attack the major's escort, then hide in the local inn. Árvay introduces himself to the entering Schartzenau as a Hungarian aristocrat, while Simon Pali rushes to get help. The major has a passion for games, they start throwing dice.",Imre Fehér,Zsigmond Remenyik,Released,Hungarian,,
1003813,https://www.themoviedb.org/movie/1003813-out-of-the-blue,Out of the Blue,105.0,2022-08-26,US,"Mystery, Thriller, Romance",5.8,"After spending time in prison following an assault charge, Connor Bates now works in a library and spends his free time running, swimming, and trying to piece his world back together. When he meets Marilyn Chambers, the wife of a wealthy businessman, they collide into an intense physical and emotional relationship that quickly escalates into idle talk about her husband’s murder.",Neil LaBute,Neil LaBute,Released,English,,
901563,https://www.themoviedb.org/movie/901563-close,Close,104.0,2023-05-03,KR,Drama,7.8,"Two 13-year-old boys spend an idyllic summer together, but their connection is put to the test when they become the subject of speculation at school.",Lukas Dhont,"Lukas Dhont, Angelo Tijssens",Released,French,,3129968.0
1072699,https://www.themoviedb.org/movie/1072699-druga-furioza,Inside Furioza,166.0,2025-10-15,KR,"Action, Crime, Thriller",6.6,"In the wake of murder, new Furioza leader Golden claims the reins of his violent and formidable hooligan gang and takes on a new focus across borders.",Cyprian T. Olencki,"Cyprian T. Olencki, Dawid Kornaga",Released,Polish,,
9294,https://www.themoviedb.org/movie/9294-phenomenon,Phenomenon,123.0,1996-09-21,KR,"Drama, Romance, Fantasy",6.5,"An ordinary man sees a bright light descend from the sky, and discovers he now has super-intelligence and telekinesis.",Jon Turteltaub,Gerald Di Pego,Released,English,32000000.0,152000000.0
259207,https://www.themoviedb.org/movie/259207-le-president,The President,64.0,2014-03-14,US,"Drama, History",7.0,"Cameroonian filmmaker Jean-Pierre Bekolo's newest work uses split-screens (at times, up to four images simultaneously) to present a fake documentary in which ""the president"" has disappeared; talk-show hosts, rivals, politicians and even rappers chime in on what may have occurred, and what their president for life has—or has not—done for Cameroon.",Jean-Pierre Bekolo,,Released,French,,
14412,https://www.themoviedb.org/movie/14412-body-heat,Body Heat,113.0,1981-08-28,US,"Thriller, Crime",7.0,"During an extreme heatwave, a beautiful Florida woman and a seedy lawyer engage in an affair while plotting the murder of her rich husband.",Lawrence Kasdan,Lawrence Kasdan,Released,English,9000000.0,24058838.0
1566269,https://www.themoviedb.org/movie/1566269-the-first-snow-of-fraggle-rock,The First Snow of Fraggle Rock,34.0,2025-12-05,KR,"Family, Comedy, Music",7.0,"When the holidays are filled with unexpected adventures and challenges, the Fraggles learn to appreciate each day for being unique and special, like a snowflake.",Jonathan A. Rosenbaum,"Alex Cuthbertson, Matt Fusfeld",Released,English,,
880067,https://www.themoviedb.org/movie/880067-strung,Strung,119.0,2026-05-27,US,"Mystery, Thriller",7.7,"A talented violinist's prestigious new role as a music tutor for an enigmatic, elite family spirals into a psychological battle for her safety and sanity.",Malcolm D. Lee,Alan B. McElroy,Released,English,,8570.0
144069,https://www.themoviedb.org/movie/144069-la-bonne,The Corruption,82.0,1986-04-17,IT,"Drama, Romance",5.2,"Anna, a beautiful lawyer's wife, feels abandoned by her husband and grows closer to their maid, Angela. The maid convinces Anna to try increasingly daring erotic games.",Salvatore Samperi,Salvatore Samperi,Released,Italian,,
158011,https://www.themoviedb.org/movie/158011-the-call,The Call,96.0,2013-06-20,KR,"Crime, Thriller",6.8,"Jordan Turner is an experienced 911 operator but when she makes an error in judgment and a call ends badly, Jordan is rattled and unsure if she can continue. But when teenager Casey Welson is abducted in the back of a man's car and calls 911, Jordan is the one called upon to use all of her experience, insights and quick thinking to help Casey escape, and not just to save her, but to make sure the man is brought to justice.",Brad Anderson,Richard D'Ovidio,Released,English,13000000.0,68572378.0
1243341,https://www.themoviedb.org/movie/1243341-z-o-m-b-i-e-s-4-dawn-of-the-vampires,Z-O-M-B-I-E-S 4: Dawn of the Vampires,86.0,2025-07-11,KR,"Fantasy, Music, Romance, Adventure, Family, Comedy, TV Movie",7.0,"A new adventure dawns for Zed and Addison when their summer road trip takes an unexpected detour, landing them in the middle of yet another monster rivalry: Daywalkers vs. Vampires. Tensions flare when Zed and Addison find themselves acting as camp counselors between the two opposing supernatural factions. With the help of Eliza and Willa, they must convince sworn enemies Nova and Victor to try to unite their warring worlds before an even greater threat endangers them all.",Paul Hoen,"Josh A. Cagan, David Light, Joseph Raso",Released,English,,
83389,https://www.themoviedb.org/movie/83389,From Up on Poppy Hill,91.0,2011-09-29,KR,"Animation, Drama",7.5,"Yokohama, 1963. Japan is picking itself up from the devastation of World War II and preparing to host the 1964 Olympics—and the mood is one of both optimism and conflict as the young generation struggles to throw off the shackles of a troubled past. Against this backdrop of hope and change, a friendship begins to blossom between high school students Umi and Shun—but a buried secret from their past emerges to cast a shadow on the future and pull them apart.",Goro Miyazaki,"Hayao Miyazaki, Keiko Niwa",Released,Japanese,22000000.0,61037844.0
681385,https://www.themoviedb.org/movie/681385,Dmitro Goritsvit,87.0,1962-02-26,SU,Drama,7.0,"Based on the novel by Mikhail Stelmakh “A Big Family”.  The second film of the trilogy (“Human Blood is Not a Water”, “Dmitro Goritsvit”, “People Don’t Know Everything”) tells about one of the first collective farms of Ukraine, the fight against the kulaks and the love of the communist Dmitro Goritsvit for Marta, the Petliurist's daughter, who guilty of the death of Dmitro's father.",Nikolay Makarenko,"Nikolay Makarenko, Mykhailo Stelmakh",Released,Russian,,
331521,https://www.themoviedb.org/movie/331521,Chilakamma Cheppindi,,1977-08-12,IN,"Drama, Romance",7.0,"When Bharati's associate, Malli, gets pregnant before marriage, she suspects Ravi to be responsible for it. On the other hand, a man who loves Malli supports her in her difficult time.",Eranki Sharma,Pamman,Released,Telugu,,
10497,https://www.themoviedb.org/movie/10497-bitter-moon,Bitter Moon,139.0,1993-09-25,KR,"Thriller, Drama, Romance",7.1,A passenger on a cruise ship develops an irresistible infatuation with an eccentric paraplegic's wife.,Roman Polanski,"Roman Polanski, Pascal Bruckner, John Brownjohn, Gérard Brach",Released,English,5000000.0,1862805.0
1668574,https://www.themoviedb.org/movie/1668574-un-portero-muy-improbable,A Very Unlikely Goalkeeper,90.0,2026-05-14,MX,Drama,0.0,"Martín, a humble teenager with extraordinary talent as a goalkeeper, dreams of becoming a professional footballer. Facing rejection and bullying for his singular way of seeing the world, he must rely on his eccentric neighborhood friends to navigate his challenges and seize the one chance he has to turn his dream into reality.",Mike R. Ortiz,Mike R. Ortiz,Released,Spanish; Castilian,,
12572,https://www.themoviedb.org/movie/12572-new-york-i-love-you,"New York, I Love You",103.0,2009-10-22,KR,"Comedy, Drama, Romance",6.0,"New York, I Love You delves into the intimate lives of New Yorkers as they grapple with, delight in and search for love. Journey from the Diamond District in the heart of Manhattan, through Chinatown and the Upper East Side, towards the Village, into Tribeca, and Brooklyn as lovers of all ages try to find romance in the Big Apple.","Shunji Iwai, Fatih Akin, Natalie Portman, Joshua Marston, Allen Hughes, Brett Ratner, Randall Balsmeyer, Jiang Wen, Shekhar Kapur, Mira Nair, Yvan Attal","Shunji Iwai, Fatih Akin, Natalie Portman, Joshua Marston, Hall Powell, Meng Yao, Suketu Mehta, Jeff Nathanson, Anthony Minghella, Stephen Winter, Olivier Lécot, Jim Strouse, Israel Horovitz, Xan Cassavetes, Hu Hong",Released,English,14700000.0,9961023.0
1613125,https://www.themoviedb.org/movie/1613125-sevgi-muhasibati,Sevgİ MühAsibatı,14.0,2026-01-08,AZ,Comedy,0.0,A short film by Taleh Yuzbeyov.,Taleh Yuzbeyov,Taleh Yuzbeyov,Released,Azerbaijani,,
1553969,https://www.themoviedb.org/movie/1553969,Sheep in the Box,126.0,2026-06-10,KR,"Drama, Science Fiction",5.7,"In the near future, architect Otone Komoto is married to Kensuke, who runs a construction company. The married couple decide to welcome a humanoid robot into their home as their son.",Hirokazu Kore-eda,Hirokazu Kore-eda,Released,Japanese,,4294141.0
70512,https://www.themoviedb.org/movie/70512-linferno,Dante's Inferno,72.0,1911-03-10,IT,"Fantasy, Horror",6.6,"The classic tale of Dante's journey through hell, loosely adapted from the Divine Comedy and inspired by the illustrations of Gustav Doré.  This historically important film stands as the first feature from Italy and the oldest fully-surviving feature in the world, and boasts beautiful sets and special effects that stand above other cinema of the era.","Giuseppe de Liguoro, Francesco Bertolini, Adolfo Padovan",,Released,Italian,,
427988,https://www.themoviedb.org/movie/427988-despues-del-sueno,After the Dream,106.0,1992-09-09,ES,Drama,5.5,"Amós is a sailor and owner of a ship. He is impatient with the arrival of his uncle who returns from the Soviet Union, after having exiled there after the Civil War. They have no time to meet because the old man unexpectedly dies. Amos knows, thanks to the letters his mother received, that his uncle had a treasure. However, this one is not among the objects that were in the old man's room.",Mario Camus,Mario Camus,Released,Spanish; Castilian,,
329996,https://www.themoviedb.org/movie/329996-dumbo,Dumbo,112.0,2019-03-27,KR,"Family, Fantasy, Adventure",6.6,"A young elephant, whose oversized ears enable him to fly, helps save a struggling circus, but when the circus plans a new venture, Dumbo and his friends discover dark secrets beneath its shiny veneer.",Tim Burton,"Harold Pearl, Helen Aberson, Ehren Kruger",Released,English,170000000.0,353284621.0
1462229,https://www.themoviedb.org/movie/1462229-3,Pegasus 3,126.0,2026-02-17,CN,"Drama, Comedy",7.2,"Bearing the glory of being the 'King of Bayanbulak', Zhang Chi once again embarks on his racing journey, aiming not only to win the race but also to achieve something beyond the competition itself.",Han Han,"Han Han, Meng Wenyu, Zhou Yunhai",Released,Chinese,80000000.0,656459523.0
211816,https://www.themoviedb.org/movie/211816-la-promesse,Secret World,94.0,1969-07-09,US,Drama,6.3,"Wendy is the British guest of a French couple and the daughter of the man who saved the host's life during World War II. Living with the couple is their 20-year-old son and a 12-year-old nephew whose parents were killed in an automobile accident. The father and son both try to seduce the attractive guest. The young boy retreats into his own world and dreams of being taken back to Britain by Wendy in this romantic drama. The mother spends her time bleaching her hair and is seemingly uninterested in anything that goes on with her family at the beachfront villa. Meanwhile, Wendy and the younger boy develop a fondness for each other, while his aunt and uncle fail to understand his needs.",Robert Freeman,"Gérard Brach, Jacky Glass",Released,English,1150000.0,900000.0
451892,https://www.themoviedb.org/movie/451892-soldado-argentino,Argentine Soldier Only Known by God,102.0,2017-04-06,AR,"Drama, War, History",8.2,"The story is centered on the human drama of three young people from a small town in Traslasierra, Córdoba, who from very different ideological places, are forever transformed by the war in Malvinas Argentinas (Falkland Islands).",Rodrigo Fernández Engler,"Rodrigo Fernández Engler, Ivana Galdeano",Released,Spanish; Castilian,,195201.0
616651,https://www.themoviedb.org/movie/616651-stillwater,Stillwater,139.0,2021-10-06,KR,"Drama, Crime, Thriller",6.6,"Bill Baker, an American oil-rig roughneck from Oklahoma, travels to Marseille to visit his estranged daughter, Allison, who is in prison for a murder she claims she did not commit. Confronted with language barriers, cultural differences, and a complicated legal system, Bill builds a new life for himself in France as he makes it his personal mission to exonerate his daughter.",Tom McCarthy,"Tom McCarthy, Marcus Hinchey, Noé Debré, Thomas Bidegain",Released,English,20000000.0,19754272.0
1620234,https://www.themoviedb.org/movie/1620234-la-norme,La Norme,,2025-11-27,FR,,6.0,We don't have an overview translated in English. Help us expand our database by adding one.,Jérôme Lanvin,,Released,French,,
929039,https://www.themoviedb.org/movie/929039-mayak-cyrasy,Beacon Lamp,63.0,1977-05-05,SU,Drama,0.0,"An old, sick keeper and a girl, Maral, live at the lighthouse. It is unknown how long the girl would have lived as a hermit at the lighthouse if not for the love that arose between her and the boat captain Murad, who brought the doctor to the sick old man...",Ilmurad Bekmiyev,Valentin Maksimenkov,Released,Turkmen,,
17663,https://www.themoviedb.org/movie/17663-anne-of-green-gables,Anne of Green Gables,199.0,1985-12-01,CA,"Family, Drama",8.1,"At the turn of the century on Prince Edward Island, Matthew Cuthbert and his sister Marilla decide to take on an orphan boy as help for their farm. But they get an unexpected jolt when they're mistakenly sent a girl instead: Anne Shirley.",Kevin Sullivan,Lucy Maud Montgomery,Released,English,,
622668,https://www.themoviedb.org/movie/622668,Officetel - Skillful Ones,81.0,2019-06-07,KR,Romance,4.0,"A popular officetel girl named Joo-hee trades sex for money. She used to be the best, but she has stopped getting calls. Her friend, Ji-yeong, gets busy with many appointments. Joo-hee is jealous of Ji-yeong, until she hears from an old client that Ji-yeong is providing shocking services. Furious over the fact that Ji-yeong has stolen her clients, they start a service competition. The clients are going nuts over this service, but Joo-hee and Ji-yeong tire out and agree to only do the same things. Then they suddenly become idle, without any calls, until they hear that Yeong-joo from the same officetel has moved to a rival officetel and is providing shocking services. Joo-hee and Ji-yeong decide to team up and get back their clients. They offer 2:1 services and the clients won't stop coming...",Chun Sung-joon,Yoon Joon-hee I,Released,Korean,,
770254,https://www.themoviedb.org/movie/770254-back-to-the-outback,Back to the Outback,92.0,2021-12-03,US,"Family, Animation, Adventure, Comedy",7.6,"Tired of being locked in a reptile house where humans gawk at them like they are monsters, a ragtag group of Australia’s deadliest creatures plot an escape from their zoo to the Outback, a place where they’ll fit in without being judged.","Harry Cripps, Claire Knight",Harry Cripps,Released,English,,
1641327,https://www.themoviedb.org/movie/1641327-collision-theory,Collision Theory,20.0,2026-02-19,US,Comedy,0.0,"On her way to the opportunity of a lifetime, an overly careful astrophysicist teacher finds herself stuck on a plane in a turbulent debate with a passionate flat-earther.",Vanessa Lavoie,Vanessa Lavoie,Released,English,20000.0,
9349,https://www.themoviedb.org/movie/9349-universal-soldier,Universal Soldier,103.0,1992-08-01,KR,"Thriller, Action, Science Fiction",6.3,"An American soldier who had been killed during the Vietnam War is revived 25 years later by the military as a semi-android, UniSols, a high-tech soldier of the future. After the failure of the initiative to erase all the soldier's memories, he begins to experience flashbacks that are forcing him to recall his past.",Roland Emmerich,"Christopher Leitch, Richard Rothstein, Dean Devlin",Released,English,23000000.0,119200000.0
10647,https://www.themoviedb.org/movie/10647-pay-it-forward,Pay It Forward,122.0,2001-02-17,KR,Drama,7.4,"Like some other kids, 12-year-old Trevor McKinney believed in the goodness of human nature. Like many other kids, he was determined to change the world for the better. Unlike most other kids, he succeeded.",Mimi Leder,"Catherine Ryan Hyde, Leslie Dixon",Released,English,40000000.0,55707411.0
1117898,https://www.themoviedb.org/movie/1117898-the-cat-in-the-hat,The Cat in the Hat,,2026-11-06,US,"Animation, Comedy, Family",0.0,"Doing what he does best, the Cat spreads joy to kids in his hilarious, signature, and singularly irreverent way, transporting them and audiences on a fantastical journey through a world they've never seen before. Our hero takes on his toughest assignment yet for the I.I.I.I. (Institute for the Institution of Imagination and Inspiration, LLC) to cheer up Gabby and Sebastian, a pair of siblings struggling to move to a new town. Known for taking things too far, this could be this agent of chaos' last chance to prove himself...or lose his magical hat!","Erica Rivinoja, Alessandro Carloni","Erica Rivinoja, Alessandro Carloni, Dr. Seuss",Post Production,English,,
23202,https://www.themoviedb.org/movie/23202-trick-r-treat,Trick 'r Treat,82.0,2007-12-09,US,"Horror, Fantasy, Comedy",7.0,"Four interwoven stories that occur on Halloween: an everyday high school principal has a secret life as a serial killer; a college virgin might have just met the one guy for her; a group of teenagers pull a mean prank, and a bitter old recluse receives an uninvited guest.",Michael Dougherty,Michael Dougherty,Released,English,12000000.0,27909.0
1001311,https://www.themoviedb.org/movie/1001311-sous-la-seine,Under Paris,102.0,2024-06-05,KR,"Action, Horror",5.9,"In order to save Paris from an international bloodbath, a grieving scientist is forced to face her tragic past when a giant shark appears in the Seine.",Xavier Gens,"Xavier Gens, Yannick Dahan, Maud Heywang",Released,French,,
568091,https://www.themoviedb.org/movie/568091-fractured,Fractured,99.0,2019-10-11,KR,"Thriller, Drama",6.8,"Driving cross-country, Ray and his wife and daughter stop at a highway rest area where his daughter falls and breaks her arm. After a frantic rush to the hospital and a clash with the check-in nurse, Ray is finally able to get her to a doctor. While the wife and daughter go downstairs for an MRI, Ray, exhausted, passes out in a chair in the lobby. Upon waking up, they have no record or knowledge of Ray's family ever being checked in.",Brad Anderson,Alan B. McElroy,Released,English,,
2619,https://www.themoviedb.org/movie/2619-splash,Splash,110.0,1984-03-09,US,"Comedy, Romance, Fantasy",6.3,"A successful businessman falls in love with the girl of his dreams. There's one big complication though; he's fallen hook, line and sinker for a mermaid.",Ron Howard,"Babaloo Mandel, Lowell Ganz, Bruce Jay Friedman",Released,English,8000000.0,69800000.0
456554,https://www.themoviedb.org/movie/456554-fagyott-majus,Frozen May,72.0,2017-05-05,HU,"Horror, Science Fiction, Thriller",4.8,"1990, after the fall. A man struggles to survive in the forest, living alone in a small cabin. One day he spots a mysterious child in an abandoned summer camp.",Péter Lichter,"Péter Lichter, Imre Bartók",Released,Hungarian,,
980026,https://www.themoviedb.org/movie/980026-bastarden,The Promised Land,127.0,2023-10-06,KR,"Action, Drama, History",7.7,"Denmark, 1755. Captain Ludvig Kahlen sets out to conquer a Danish heath reputed to be uncultivable, with an impossible goal: to establish a colony in the name of the king, in exchange for a royal title. A single-minded ambition that the ruthless lord of the region will relentlessly seek to put down. Kahlen's fate hangs in the balance: will his endevours bring him wealth and honour, or cost him his life...?",Nikolaj Arcel,"Nikolaj Arcel, Ida Jessen, Anders Thomas Jensen",Released,Danish,8500000.0,2246680.0
524251,https://www.themoviedb.org/movie/524251-i-see-you,I See You,98.0,2021-03-11,KR,"Horror, Thriller, Mystery",7.0,"When a 12-year-old boy goes missing at a local park, a detective investigates the case to help the boy's family find answers.",Adam Randall,Devon Graye,Released,English,3000000.0,
108747,https://www.themoviedb.org/movie/108747,Love and Crime,92.0,1969-08-27,JP,"Crime, Drama, Horror, Thriller",7.2,"A series of short stories about bizarre crimes committed by females in the Meiji, Taisho, and Showa Eras.Discover 4 famous Japanese murderers: Takahashi Oden, the last woman beheaded in Japan, Sada Abe, a crazy lover, Kunihiko Kodaira, a rapist-killer and finally, the Toyokaku case, a woman who did everything to own a hotel.",Teruo Ishii,"Teruo Ishii, Shizuo Nonami, Masahiro Kakefuda",Released,Japanese,,
10336,https://www.themoviedb.org/movie/10336-spawn,Spawn,96.0,1998-07-17,KR,"Action, Adventure, Fantasy, Horror, Science Fiction, Thriller",5.5,"After being murdered by corrupt colleagues in a covert government agency, Al Simmons makes a pact with the devil to be resurrected to see his beloved wife Wanda. In exchange for his return to Earth, Simmons agrees to lead Hell's Army in the destruction of mankind.",Mark A.Z. Dippé,Alan B. McElroy,Released,English,40000000.0,87840042.0
304260,https://www.themoviedb.org/movie/304260,Kodai Mazhai,140.0,1986-09-26,IN,Drama,6.0,"Vidya, a school student, is an aspiring dancer who is neglected by her family. She faces challenges in her life when she loses her eyesight in an unfortunate accident.",Muktha S. Sundar,Muktha Srinivasan,Released,Tamil,,
133392,https://www.themoviedb.org/movie/133392-portugal,Portugal,93.0,2000-10-12,HU,"Drama, Comedy",8.5,"The film takes place in a present-day small Hungarian village in the middle of nowhere. Strangers hardly ever come to this place, everything outside of it seems to be in another world for the inhabitants. But one day everything changes, when a stranger from Budapest enters the pub. He is on his way to a vacation in Portugal and wants to spend some days in this village. He soon starts a love affair with the pub owner's daughter. The ex-policeman of the village doesn't like this at all...",Andor Lukáts,"Andor Lukáts, Zoltán Egressy",Released,Hungarian,,
859,https://www.themoviedb.org/movie/859-dangerous-liaisons,Dangerous Liaisons,119.0,1988-12-21,US,"Drama, Romance",7.2,"In 18th century France, Marquise de Merteuil asks her ex-lover Vicomte de Valmont to seduce the future wife of another ex-lover of hers in return for one last night with her. Yet things don’t go as planned.",Stephen Frears,"Choderlos de Laclos, Christopher Hampton",Released,English,14000000.0,34670720.0
343472,https://www.themoviedb.org/movie/343472-kihajolni-veszelyes,Do not Lean out of the Window,75.0,1978-06-05,HU,Comedy,7.3,"At the station of Almamellék the semaphore turns red unexpectedly and the conductor shows a stowaway - with no money nor ticket - off the train. The stowaway has to undergo a serious and long investigation that tries to uncover the reasons for his ""deed"". In the meantime he can watch, like a spectator in a movie-theatre, how Kerek József, the strutting stationmaster rules his ridiculous empire through office bureaucracy, indifference, servility and negligence.",János Zsombolyai,András Simonffy,Released,English,,
1143643,https://www.themoviedb.org/movie/1143643-entre-silencios,Entre Silêncios,,2023-06-29,PT,Drama,0.0,We don't have an overview translated in English. Help us expand our database by adding one.,Maio Afonso,Matilde Cardoso,Released,Portuguese,,
391907,https://www.themoviedb.org/movie/391907,Purpose of Cohabitation,83.0,2016-03-07,KR,Romance,4.8,"Seung-gu and Yoon-hye enjoy the honeymoon. The photographer, Seung-gu, sells a glance with his senior cousin who is a neighbor cousin on his way to work. Yoon Hye, who has no hesitation in managing her body, goes to the gym for a workout and hears the breakup of Tae Joon, the PT in charge. Tae-jun, who was living in the girlfriend's house, is kicked out with a breakup, and to Tae-jun, where he can't go, Yoon-hye rents out a room for his newlyweds to cover the repair cost of the ride. Offer your own rent. And their purposeful cohabitation begins…",Joo Sung-woo,,Released,Korean,,
284552,https://www.themoviedb.org/movie/284552,Lover of the Last Empress,100.0,1995-03-17,HK,"Drama, History",5.8,"The story of an innocent girl who is destined to become one of the emperor´s concubines. Initially she suffers from a loss of innocence and the intrigues of the other concubines but over the course of time she becomes less and less scrupulous and finally is impregnated by the emperor and thus becomes his wife - the empress of China. However, her ""career"" has corrupted her once innocent soul and so, after the emperor dies she rules the land with terror.",Andrew Lau Wai-Keung,Wong Jing,Released,Cantonese,,
175,https://www.themoviedb.org/movie/175-le-grand-bleu,The Big Blue,168.0,1993-05-15,KR,"Romance, Adventure, Drama",7.4,"Childhood friends Jacques and Enzo share a passion for the danger of free diving. Jacques, following in the footsteps of his father, who died at sea when Jacques was a boy, harbors a remarkable ability to adjust his heart rate and breathing patterns in the water, with his vital signs more closely resembling those of dolphins than men.",Luc Besson,"Luc Besson, Marc Perrier, Robert Garland, Marilyn Goldin, Jacques Mayol",Released,French,13500000.0,4000000.0
1726617,https://www.themoviedb.org/movie/1726617-staand-verder-leven-na-de-moord-op-peter-r-de-vries,Staand Verder Leven: Na De Moord Op Peter R. de Vries,65.0,2021-12-27,NL,Documentary,0.0,"Ewout Genemans looks back on the shocking murder of their father together with Peter R. de Vries's children, Royce and Kelly, but he also looks to the future with them. On July 6, 2021, an attack was carried out on the crime reporter following the broadcast of RTL Boulevard. Nine days later, he died of his injuries in the hospital in the presence of his family. What impact has this had?",Ewout Genemans,,Released,Dutch; Flemish,,
419785,https://www.themoviedb.org/movie/419785,Keyamat Theke Keyamat,160.0,1993-03-20,BD,"Drama, Romance",8.0,"Raaj and Reshmi fall in love, despite having a belligerent past between their families.",Sohanur Rahman Sohan,Sohanur Rahman Sohan,Released,Bengali,,
534613,https://www.themoviedb.org/movie/534613,Племяшка,,2014-11-16,RU,Mystery,0.0,We don't have an overview translated in English. Help us expand our database by adding one.,Aleksandr Itygilov Jr.,Наталья Шимборецкая,Released,Russian,,
592831,https://www.themoviedb.org/movie/592831-megalopolis,Megalopolis,138.0,2024-09-27,US,"Science Fiction, Drama, Fantasy",5.2,"In a futuristic New York known as New Rome, visionary architect Cesar Catilina dreams of building ""Megalopolis,"" a utopian city that redefines society’s limits. Opposing him is the corrupt Mayor Franklyn Cicero, who clings to power and profit. Between them stands Julia, the mayor’s daughter, whose love for Cesar forces her to choose between loyalty, ambition, and the fate of humanity.",Francis Ford Coppola,Francis Ford Coppola,Released,English,120000000.0,14387154.0
257354,https://www.themoviedb.org/movie/257354-busty-cops-protect-and-serve,Busty Cops: Protect and Serve!,73.0,2009-08-01,US,"Comedy, Crime, Mystery, Romance",4.8,"The Busty Cops are back, and must prevent Finkel and Billy Viscious from winning an election by any means necessary.",Michael Whiteacre,"Michael Whiteacre, William Williamson",Released,English,,
4643,https://www.themoviedb.org/movie/4643-the-guardian,The Guardian,139.0,2006-11-02,KR,"Action, Adventure, Drama",7.1,"A high school swim champion with a troubled past enrolls in the U.S. Coast Guard's 'A' School, where legendary rescue swimmer Ben Randall teaches him some hard lessons about loss, love, and self-sacrifice.",Andrew Davis,Ron L. Brinkerhoff,Released,English,10000000.0,94973540.0
7364,https://www.themoviedb.org/movie/7364-sahara,Sahara,124.0,2005-06-23,KR,"Action, Adventure, Comedy, Drama, Mystery",5.9,"Seasoned adventurer and treasure hunter Dirk Pitt, a former Navy SEAL, sets out for the African desert with his wisecracking buddy Al in search of a confederate ironclad battleship rumored to have vanished long ago, the main draw being the treasure supposedly hidden within the lost vessel. When the daring duo come across Dr. Eva Rojas, a beautiful scientist who is juggling an escape from a warlord and a mission to stop the spread of a powerful plague, their desert expedition begins to heat up.",Breck Eisner,"Clive Cussler, Thomas Dean Donnelly, James V. Hart, John C. Richards, Joshua Oppenheimer",Released,English,130000000.0,119269486.0
45452,https://www.themoviedb.org/movie/45452,Out of the Dark,82.0,1995-07-06,HK,"Comedy, Horror",6.9,"After being haunted by evil spirits inside a residential building, a security guard seeks help from a mysterious exorcist, who turns out to be an escaped mental patient.",Jeffrey Lau Chun-Wai,Jeffrey Lau Chun-Wai,Released,Cantonese,,
1006407,https://www.themoviedb.org/movie/1006407,Confidential Agent No.5,,1984-06-01,CN,Drama,0.0,We don't have an overview translated in English. Help us expand our database by adding one.,Liu Wenyu,"Zhang Gang, Bingquan Mao",Released,Chinese,,
277642,https://www.themoviedb.org/movie/277642-formidable-force,Formidable Force,106.0,2002-01-01,NG,,0.0,A prominent man running for public office is also the brain behind an international ammunition smuggling ring. He murders his partner in crime to cover his tracks but unknown to him someone has all the evidence needed to bring him to justice. [parts 1-2],Teco Benson,Charles Awurum,Released,English,,
919912,https://www.themoviedb.org/movie/919912-lonely-people,Lonely People,4.0,2021-08-12,BR,Drama,0.0,"The short film tells the story of a frustrated priest when faced with an apparently impartial friend, who was wearing a ""social mask""",Bruno Ferreira,Bruno Ferreira,Released,English,1500.0,2000.0
872712,https://www.themoviedb.org/movie/872712-rush-cinema-strangiato-r40-director-s-cut,Rush: Cinema Strangiato - R40+ Director's Cut,165.0,2021-09-09,US,Music,7.0,"Following the success of Rush: Cinema Strangiato - Director's Cut in movie theaters worldwide, Anthem Entertainment and Trafalgar Releasing give Rush fans around the world the opportunity to experience it again – this time from the comfort of home.  In celebration 40 years of Moving Pictures, this global streaming release features the “director’s cut” of 2019's R40+ event that was just shown in cinemas, giving audiences a special look into R40 LIVE, with a setlist including this year’s new additions of bonus tracks ""One Little Victory"" and “Red Barchetta” as well as ""Cygnus X-1 / “The Story So Far” featuring Neil's final recorded drum solo masterpiece.",Dale Heslip,,Released,English,,
6278,https://www.themoviedb.org/movie/6278-reign-of-fire,Reign of Fire,101.0,2002-09-13,KR,"Adventure, Action, Fantasy",6.2,"In post-apocalyptic England, an American volunteer and a British survivor team up to fight off a brood of fire-breathing dragons seeking to return to global dominance after centuries of rest underground. The Brit -- leading a clan of survivors to hunt down the King of the Dragons -- has much at stake: His mother was killed by a dragon, but his love is still alive.",Rob Bowman,"Matt Greenberg, Gregg Chabot",Released,English,60000000.0,82150183.0
547341,https://www.themoviedb.org/movie/547341-khi-v-ng-ba,When Grandmother Is Away,63.0,1985-01-01,VN,Drama,0.0,"With his parents busied by the toils of daily life during the subsidy days, little Minh's grandmother is closest to him in the family. Until one day...",Anh Thái,Vũ Lê Mai,Released,Vietnamese,,
25,https://www.themoviedb.org/movie/25-jarhead,Jarhead,123.0,2005-11-04,US,"Drama, War",6.7,"Jarhead is a film about a US Marine Anthony Swofford’s experience in the Gulf War. After putting up with an arduous boot camp, Swofford and his unit are sent to the Persian Gulf where they are eager to fight, but are forced to stay back from the action. Swofford struggles with the possibility of his girlfriend cheating on him, and as his mental state deteriorates, his desire to kill increases.",Sam Mendes,William Broyles Jr.,Released,English,72000000.0,97076152.0
4437,https://www.themoviedb.org/movie/4437-2010,2010,116.0,1984-12-06,US,"Thriller, Science Fiction",6.7,"While planet Earth poises on the brink of nuclear self-destruction, a team of Russian and American scientists aboard the Leonov hurtles to a rendezvous with the still-orbiting Discovery spacecraft and its sole known survivor, the homicidal computer HAL.",Peter Hyams,"Peter Hyams, Arthur C. Clarke",Released,English,28000000.0,40400000.0
1143643,https://www.themoviedb.org/movie/1143643-entre-silencios,Entre Silêncios,,2023-06-29,PT,Drama,0.0,We don't have an overview translated in English. Help us expand our database by adding one.,Maio Afonso,Matilde Cardoso,Released,Portuguese,,
548908,https://www.themoviedb.org/movie/548908,Chandrokotha,142.0,2003-08-22,BD,Drama,8.4,A ruthless landlord looks for meaning in his life through the help of a young girl.,Humayun Ahmed,Humayun Ahmed,Released,Bengali,,
2665,https://www.themoviedb.org/movie/2665-airplane-ii-the-sequel,Airplane II: The Sequel,84.0,1982-12-10,US,Comedy,6.1,"A faulty computer causes a passenger space shuttle to head straight for the sun, and man-with-a-past Ted Striker must save the day and get the shuttle back on track – again – all the while trying to patch up his relationship with Elaine.",Ken Finkleman,"Ken Finkleman, Al Jean, Mike Reiss",Released,English,15000000.0,27150534.0
432776,https://www.themoviedb.org/movie/432776-kadar-kontra-kerekes,Kádár vs. Kerekes,85.0,1942-04-20,HU,,8.0,We don't have an overview translated in English. Help us expand our database by adding one.,Ákos Ráthonyi,Miklós Asztalos,Released,Hungarian,,
1643646,https://www.themoviedb.org/movie/1643646-clara-mem,Clara.mem,9.0,2017-07-22,BR,Science Fiction,0.0,"Alberto wakes up feeling a little strange. He gets ready as usual, but as he crosses the exit door of his apartment, he is automatically drawn back inside. No matter how hard he tries to leave, he always ends up back in the same place.","Márcio Schimming, Alison Zago","Daguito Rodrigues, Angelo Dias",Released,Portuguese,,
1576198,https://www.themoviedb.org/movie/1576198-madulas,Madulas,80.0,2026-03-27,KR,Drama,4.0,"At the luxurious Wet & Wild Resort, a group of glamorous women become infatuated with a charming new pool boy whose irresistible allure draws them in. But as passion turns to obsession, they soon uncover a dark secret that reveals he’s not as innocent as he seems.",Rodante Pajemna Jr.,Erick Castro,Released,English,,
415943,https://www.themoviedb.org/movie/415943-o-homem-que-nao-cabia-em-brasilia,O Homem que Não Cabia em Brasília,16.0,2016-09-12,BR,"Fantasy, Comedy",10.0,A homeless man struggles to get by in the utopian city of Brasília.,Gustavo Menezes,Gustavo Menezes,Released,Portuguese,,
1261188,https://www.themoviedb.org/movie/1261188-den-svenska-lanken,The Swedish Connection,102.0,2026-02-19,KR,"Drama, History, War",7.3,"Swedish Foreign Ministry bureaucrat Gösta Engzell, overlooked during WWII, rescued thousands while turning supposedly neutral Sweden into a moral force. His efforts challenged the status quo and left a lasting humanitarian legacy.","Thérèse Ahlbeck, Marcus Olsson","Thérèse Ahlbeck, Marcus Olsson",Released,Swedish,,
1729615,https://www.themoviedb.org/movie/1729615-kids-nowadays,Kids Nowadays,,2021-01-01,MY,,0.0,"Jaafar, a widower of advanced age, expresses his desire to continue his studies at university, but is strongly opposed by his son Najiha. However, due to his promise to his late wife, Jaafar still registers as a student.",Ejump Mohd,,Released,English,,
413644,https://www.themoviedb.org/movie/413644-the-son-of-bigfoot,The Son of Bigfoot,92.0,2017-08-09,KR,"Family, Animation, Comedy",6.6,"Teenage outsider Adam sets out on an epic and daring quest to uncover the mystery behind his long-lost dad, only to find out that he is none other than the legendary Bigfoot! He has been hiding deep in the forest for years to protect himself and his family from HairCo., a giant corporation eager to run scientific experiments with his special DNA. As father and son start making up for lost time after the boy's initial disbelief, Adam soon discovers that he too is gifted with superpowers beyond his imagination. But little do they know, HairCo. is on their tail as Adam's traces have led them to Bigfoot!","Ben Stassen, Jérémie Degruson","Bob Barlen, Cal Brunker",Released,English,30000000.0,46372519.0
265705,https://www.themoviedb.org/movie/265705-mlody-las,Young Forest,71.0,1934-04-19,PL,Drama,5.8,"In the beginning of the 20th century, Polish students are fully aware that the education system is not one in which the truth is taught, but rather one their government wants them to learn. A student contradicts his professor's stance that Suworow was one of Poland's greatest leaders. The argument between the two eventually leads to a wide strike.",Józef Lejtes,"Józef Lejtes, Anatol Stern, Jan Adolf Hertz",Released,Polish,,
1318917,https://www.themoviedb.org/movie/1318917-ruzgara-birak,Chasing the Wind,96.0,2025-02-14,TR,Romance,6.6,A focused city worker and a laid-back surfer - both heirs to the same company - find they have plenty in common when they join forces in the boardroom.,Engin Erden,Ceylan Naz Baycan,Released,Turkish,,
450228,https://www.themoviedb.org/movie/450228-csodalatos-vadallatok,Csodálatos vadállatok,53.0,2005-05-22,HU,,9.0,We don't have an overview translated in English. Help us expand our database by adding one.,Ferenc Török,,Released,Hungarian,,
595743,https://www.themoviedb.org/movie/595743-sas-red-notice,SAS: Red Notice,120.0,2021-03-16,US,"Drama, Action, Thriller",5.8,"An off-duty SAS soldier, Tom Buckingham, must thwart a terror attack on a train running through the Channel Tunnel. As the action escalates on the train, events transpire in the corridors of power that may make the difference as to whether Buckingham and the civilian passengers make it out of the tunnel alive.",Magnus Martens,"Andy McNab, Laurence Malkin",Released,English,,
800622,https://www.themoviedb.org/movie/800622-shikhandi-kotha,Shikhandi Kotha,103.0,2013-04-19,BD,"Drama, Family",0.0,"Ramela gives birth to a son after having two daughters and Ramzed Molla and Ramela are happy as a result. Ramzed named him Ratan. But Ratan's physical changes later appear as a girl. His family and people of the village realizes this change. But, Ramela denies to send to the place of third gender.[clarification needed] He became an obstacle to his sister's marriage and his father scolds him. He then realizes that society will not accept him and goes to the third gender's place. There he grows under the supervision of Kali Masi as Ratna.",Mohammad Hannan,,Released,Bengali,,
262543,https://www.themoviedb.org/movie/262543-automata,Automata,110.0,2015-01-23,ES,"Thriller, Science Fiction",5.9,"Jacq Vaucan, an insurance agent of ROC robotics corporation, routinely investigates the case of manipulating a robot. What he discovers will have profound consequences for the future of humanity.",Gabe Ibáñez,"Gabe Ibáñez, Igor Legarreta, Javier Sánchez Donate",Released,English,7000000.0,6237990.0
1120446,https://www.themoviedb.org/movie/1120446-x-love,"Anitele×=LOVE Stage Project ""Kemono Friends""",89.0,2018-02-01,JP,,0.0,This piece is a theatrical production starring the Japanese idol unit =LOVE.,Keita Kawajiri,,Released,Japanese,,
448841,https://www.themoviedb.org/movie/448841-hollenritt,Roller Coaster,30.0,2008-10-02,DE,"Drama, Comedy",6.5,"A boys first weekend with the father after the divorce of his parents. Together with his friends, he makes a plan to turn that weekend into a horror trip, to punish his father. But then everything changes",Martin Busker,Matthias Schmidt,Released,English,,
1480168,https://www.themoviedb.org/movie/1480168-bandi-man,Bandi-Man,10.0,2025-05-17,US,Comedy,0.0,An overly obsessed comic book nerd is at odds with who he loves more: His girlfriend or BANDI-MAN,Logan Schreck,Erica Beth Fish,Released,English,,
11072,https://www.themoviedb.org/movie/11072-blazing-saddles,Blazing Saddles,93.0,1974-02-07,US,"Western, Comedy",7.2,"A town—where everyone seems to be named Johnson—stands in the way of the railroad. In order to grab their land, robber baron Hedley Lamarr sends his henchmen to make life in the town unbearable. After the sheriff is killed, the town demands a new sheriff from the Governor, so Hedley convinces him to send the town the first black sheriff in the west.",Mel Brooks,"Mel Brooks, Andrew Bergman, Richard Pryor, Norman Steinberg, Alan Uger",Released,English,2600000.0,119500000.0
1247,https://www.themoviedb.org/movie/1247-the-good-shepherd,The Good Shepherd,167.0,2007-04-19,KR,"Drama, Thriller, History",6.4,"Edward Wilson, the only witness to his father's suicide and member of the Skull and Bones Society while a student at Yale, is a morally upright young man who values honor and discretion, qualities that help him to be recruited for a career in the newly founded OSS. His dedication to his work does not come without a price though, leading him to sacrifice his ideals and eventually his family.",Robert De Niro,Eric Roth,Released,English,85000000.0,100266865.0
963,https://www.themoviedb.org/movie/963-the-maltese-falcon,The Maltese Falcon,100.0,1941-10-18,US,"Mystery, Crime, Thriller",7.7,"A private detective takes on a case that involves him with three eccentric criminals, a beautiful liar, and their quest for a priceless statuette.",John Huston,"John Huston, Dashiell Hammett",Released,English,375000.0,1772000.0
13490,https://www.themoviedb.org/movie/13490-welcome-home-roscoe-jenkins,Welcome Home Roscoe Jenkins,114.0,2008-02-08,US,"Comedy, Drama, Family",6.0,"When a celebrated TV show host returns to his hometown in the South, his family is there to remind him that going home is no vacation!",Malcolm D. Lee,Malcolm D. Lee,Released,English,35000000.0,43650785.0
264644,https://www.themoviedb.org/movie/264644-room,Room,118.0,2016-03-03,KR,"Drama, Thriller",8.0,"Held captive for 7 years in an enclosed space, a woman and her young son finally gain their freedom, allowing the boy to experience the outside world for the first time.",Lenny Abrahamson,Emma Donoghue,Released,English,13000000.0,35401758.0
39843,https://www.themoviedb.org/movie/39843,Red to Kill,91.0,1994-10-20,HK,Horror,6.4,"A serial rapist rapes a girl with mental disability for wearing a red dress, which triggers him. Now the girl's social worker vows to get revenge on the rapist.",Billy Tang,Wong Ho-Wa,Released,Cantonese,,
247806,https://www.themoviedb.org/movie/247806-aizmirstas-lietas,Forgotten Things,69.0,1982-01-03,LV,"Comedy, Drama",9.0,We don't have an overview translated in English. Help us expand our database by adding one.,Vija Beinerte,Alla Akhundova,Released,Latvian,,
275010,https://www.themoviedb.org/movie/275010-christa,Swedish Fly Girls,100.0,1972-07-31,DK,Drama,4.9,A gorgeous Danish international stewardess flirts brashly with her male passengers then beds them one after another in her Copenhagen home.,Jack O'Connell,Jack O'Connell,Released,Danish,,
7452,https://www.themoviedb.org/movie/7452-the-cook-the-thief-his-wife-her-lover,"The Cook, the Thief, His Wife & Her Lover",124.0,1994-08-26,KR,"Crime, Drama",7.3,"When churlish mobster Albert Spica acquires an upscale French restaurant in London, he dines there nightly, effectively scaring off the clientele with his bad manners. His wife, Georgina, is especially disgusted by him, and soon begins an affair with regular guest Michael. Despite their best efforts to keep it secret, Spica learns about their trysts, and he plots a terrible revenge.",Peter Greenaway,Peter Greenaway,Released,English,2300000.0,7724701.0
37280,https://www.themoviedb.org/movie/37280,Crayon Shin-chan: The Storm Called: The Adult Empire Strikes Back,90.0,2008-06-16,KR,"Animation, Comedy, Adventure",8.2,Shin-chan must rescue the adults of Kasukabe when they mysteriously abandon their responsibilities to relive their youth at the new 20th-century expo.,Keiichi Hara,Keiichi Hara,Released,Japanese,,10392896.0
615836,https://www.themoviedb.org/movie/615836-ordoglovas,Ördöglovas,,1944-03-15,HU,"History, Adventure",10.0,We don't have an overview translated in English. Help us expand our database by adding one.,Dezső Ákos Hamza,Miklós Asztalos,Released,Hungarian,,
1454308,https://www.themoviedb.org/movie/1454308-5,The Pursuit of Lust 5,36.0,2025-03-23,MN,"Drama, Romance",6.7,"VMX Crush Vern Kaye takes the spotlight in this erotic drama, which follows a foreign couple on a trip to the Philippines, where they meet an enchanting local photographer. What began as an attempt to rekindle the lovers’ spark soon develops into an unexpected threesome.",Batdelger Byambasvren,,Released,Mongolian,,
550087,https://www.themoviedb.org/movie/550087-k-seven-stories-side-blue,K: Seven Stories Movie 2 - Side: Blue - Like Sirius,,2018-08-04,JP,"Animation, Action, Fantasy",6.0,"Gouki Zenjo, former right-hand man to Jin Habari and a survivor of the Kagutsu Incident, returns to work for SCEPTER 4, now under the command of Reisi Munakata, the new Blue King.",Shingo Suzuki,,Released,Japanese,,
20760,https://www.themoviedb.org/movie/20760-lilo-stitch-2-stitch-has-a-glitch,Lilo & Stitch 2: Stitch Has a Glitch,68.0,2022-01-01,KR,"Animation, Family, Comedy, Science Fiction",6.7,"Now, we find the rowdy extraterrestrial getting used to life with his new ʻohana. However, a malfunction in the ultimate creation of Dr. Jumba soon emerges, which reinstates his destructive programming and threatens to both ruin his friendship with Lilo and to short him out for good!","Michael LaBash, Tony Leondis","Michael LaBash, Tony Leondis, Eddie Guzelian, Alexa Junge",Released,English,,
664416,https://www.themoviedb.org/movie/664416-beastie-boys-story,Beastie Boys Story,120.0,2021-11-04,KR,"Music, Documentary",7.5,"Here's a little story they're about to tell... Mike Diamond and Adam Horovitz share the story of their band and 40 years of friendship in a live documentary experience directed by friend, collaborator, and their former grandfather, Spike Jonze.",Spike Jonze,"Spike Jonze, Michael Diamond, Adam Horovitz",Released,English,,
617502,https://www.themoviedb.org/movie/617502-jolt,Jolt,91.0,2021-10-14,KR,"Action, Thriller, Crime",6.5,A bouncer with an anger management problem goes on a furious and resentful rampage after the murder of a friend.,Tanya Wexler,Scott Wascha,Released,English,,238524.0
343548,https://www.themoviedb.org/movie/343548,The Story Of The Girl Who Stepped On Bread,10.0,1986-06-07,SU,Animation,7.0,"The girl Inge was good and loved... herself very much. Inge was given bread to take to her poor parents, and she, crossing a puddle and afraid to dirty her new shoes, threw the bread in the mud and stepped on it. From such a terrible act, the earth parted and swallowed her.  Based on Hans Christian Andersen's fairy tale.",Alla Hrachova,Aleksandr Timofeevskiy,Released,Ukrainian,,
1008368,https://www.themoviedb.org/movie/1008368,Mawkib Al-Ebaa,114.0,2005-01-01,SY,"Adventure, Drama, History, Horror",0.0,"After the martyrdom of Imam Hussein bin Ali bin Abi Talib in the incident of Karbala on the 10th of Muharram in the year 61 AH, his sister Sayyida Zainab and his son Imam Zain al-Abidin with women and children from the family of the house who were not killed in the battle and marched With them in a sad procession to the palace of Ibn Ziyad in Kufa and from there to the palace of Yazid in the Levant on a harsh journey.",Basil Al-Khatib,,Released,English,,
12120,https://www.themoviedb.org/movie/12120-my-stepmother-is-an-alien,My Stepmother Is an Alien,108.0,1988-12-09,US,"Comedy, Science Fiction",5.8,"Trying to rescue her home planet from destruction, a gorgeous extraterrestrial named Celeste arrives on Earth and begins her scientific research. She woos quirky scientist Dr. Steve Mills, a widower with a young daughter. Before long, Celeste finds herself in love with Steve and her new life on Earth, where she experiences true intimacy for the first time. But when she loses sight of her mission, she begins to question where she belongs.",Richard Benjamin,"Jerico, Timothy Harris, Jonathan Reynolds, Herschel Weingrod",Released,English,20000000.0,13854000.0
664386,https://www.themoviedb.org/movie/664386,Clasico,87.0,2019-01-01,IR,,0.0,We don't have an overview translated in English. Help us expand our database by adding one.,Adel Ferdosipour,,Released,Persian,,
1487320,https://www.themoviedb.org/movie/1487320-el-ultimo-gigante,The Giant Falls,102.0,2026-04-01,KR,Drama,7.0,"Follows Boris, a charismatic tour guide who unexpectedly reunites with his estranged father Julián. Their tense and emotional encounters explore past wounds and the possibility of forgiveness.",Marcos Carnevale,Marcos Carnevale,Released,Spanish; Castilian,,
47327,https://www.themoviedb.org/movie/47327-drive-angry,Drive Angry,104.0,2011-02-24,US,"Fantasy, Thriller, Action, Crime",5.5,"Milton is a hardened felon who has broken out of Hell, intent on finding the vicious cult who brutally murdered his daughter and kidnapped her baby. He joins forces with a sexy, tough-as-nails waitress, who's also seeking redemption of her own. Caught in a deadly race against time, Milton has three days to avoid capture, avenge his daughter's death, and save her baby before she's mercilessly sacrificed by the cult.",Patrick Lussier,"Patrick Lussier, Todd Farmer",Released,English,50000000.0,40909909.0
1463681,https://www.themoviedb.org/movie/1463681-southern-scares,Southern Scares,73.0,2026-01-10,US,"Horror, Mystery",5.5,"Mystery, horror, and Southern folklore collide in the 1990s when a video store worker discovers chilling secrets found in her missing sister's documentary series, Southern Scares.",Paul Rowe,Paul Rowe,Released,English,,
9529,https://www.themoviedb.org/movie/9529-candyman,Candyman,100.0,1993-07-10,KR,"Drama, Horror, Thriller",6.7,"The Candyman, a murderous soul with a hook for a hand, is accidentally summoned to reality by a skeptic grad student researching the monster's myth.",Bernard Rose,Bernard Rose,Released,English,6000000.0,25792310.0
283445,https://www.themoviedb.org/movie/283445-sinister-2,Sinister 2,97.0,2016-07-07,KR,Horror,5.9,A young mother and her twin sons move into a rural house that's marked for death.,Ciarán Foy,"Scott Derrickson, C. Robert Cargill",Released,English,10000000.0,53329150.0
